Workbook

Sheet Leer Comentarios
B3: Saque los pozos en reserva de gas
B5: 356 pozos en la lista de YPF
B7: Se sacaron los pozos que visualizaron oportunidades (65 pozos)
B9: Se sacan los pozos de 1,5 de neta sacados del total
B11: Se sacan los pozos fuera del total hace mas de 6 meses y 1 año

Sheet Tabla General
A3: Etiquetas de fila | B3: Cuenta de Pozo largo
A4: ABA O NETA +1,5 | B4: 19
A5: ABA O OPORTUNIDAD | B5: 32
A6: ABA ULT 6 MESES | B6: 38
A7: ABA ULT AÑO | B7: 47
A8: ABANDONADO | B8: 435
A9: ABANDONAR | B9: 528
A10: FALTA ABA DEFINITIVO | B10: 1
A11: LISTA YPF | B11: 351
A12: NO ABANDONAR | B12: 1528
A13: SACAR DE LA LISTA YPF | B13: 5
A14: Total general | B14: 2984

Sheet E #1
B2: Saque los pozos en reserva de gas | G2: 984 POZOS
B3: Se sacaron los pozos que visualizaron oportunidades (65 pozos)
B6: Accion | C6: (Varios elementos)
B8: Etiquetas de fila
B9: CG-595[00]a
B10: CnE-940[00]a
B11: LH-1[00]a
B12: LH-1114[00]a
B13: LH-291[00]
B14: YPF.SC.BB.a-104
B15: YPF.SC.BB.a-107
B16: YPF.SC.BB.a-29
B17: YPF.SC.BB.a-30
B18: YPF.SC.BB.a-33
B19: YPF.SC.BB.a-69
... B993: Total general

Sheet E #2
B2: Saque los pozos en reserva de gas | G2: 946 POZOS
B3: Se sacaron los pozos que visualizaron oportunidades (65 pozos)
B4: Se sacan los pozos fuera del total hace mas de 6 meses
B6: Accion | C6: (Varios elementos)
B8: Etiquetas de fila
B9: CG-595[00]a
B10: CnE-940[00]a
B11: LH-1[00]a
B12: LH-1114[00]a
B13: LH-291[00]
B14: YPF.SC.BB.a-104
B15: YPF.SC.BB.a-107
B16: YPF.SC.BB.a-29
B17: YPF.SC.BB.a-30
B18: YPF.SC.BB.a-33
B19: YPF.SC.BB.a-69
... B955: Total general

Sheet E #3
B2: Saque los pozos en reserva de gas | G2: 880 POZOS
B3: Se sacaron los pozos que visualizaron oportunidades (65 pozos)
B4: Se sacan los pozos de 1,5 de neta sacados del total
B5: Se sacan los pozos fuera del total hace mas de 6 meses y 1 año
B7: Accion | C7: (Varios elementos)
B9: Etiquetas de fila
B10: CG-595[00]a
B11: CnE-940[00]a
B12: LH-1[00]a
B13: LH-1114[00]a
B14: LH-291[00]
B15: YPF.SC.BB.a-104
B16: YPF.SC.BB.a-107
B17: YPF.SC.BB.a-29
B18: YPF.SC.BB.a-30
B19: YPF.SC.BB.a-33
B20: YPF.SC.BB.a-7
... B890: Total general

Sheet Lista
B2: Pozo largo | C2: Pozo | D2: Activo | E2: Estado TOW | F2: SE | G2: Accion | H2: Bloque | I2: Lista YPF | J2: Oportunidad | K2: Ult Control | L2: Salio del total
B3: YPF.SC.CnE-1284 | C3: CnE-1284 | D3: Las Heras CG - Canadon Escondida | E3: Espera Equipo Reparación | F3: Bombeo Mecánico | G3: ABA ULT 6 MESES | H3: Barranca Baya Bloque 30 | I3: =IFERROR(VLOOKUP(Consulta1[[#This Row],[Pozo largo]],'Lista YPF'!$B$3:$C$358,2,FALSE),"NO") -> NO | J3: =IFERROR(VLOOKUP(Consulta1[[#This Row],[Pozo]],'Lista Oportunidades'!B:C,2,FALSE),"NO") -> NO | K3: =IFERROR(VLOOKUP(Consulta1[[#This Row],[Pozo largo]],Controles!B:H,7,FALSE),"NO") -> 0.66 | L3: =IFERROR(VLOOKUP(Consulta1[[#This Row],[Pozo largo]],Controles!B:J,9,FALSE),"NO") -> Ultimos 6 meses
B4: YPF.SC.CnE-1373 | C4: CnE-1373 | D4: Las Heras CG - Canadon Escondida | E4: Produciendo | F4: Bombeo Mecánico | G4: NO ABANDONAR | H4: Barranca Baya Bloque 30 | I4: =IFERROR(VLOOKUP(Consulta1[[#This Row],[Pozo largo]],'Lista YPF'!$B$3:$C$358,2,FALSE),"NO") -> NO | J4: =IFERROR(VLOOKUP(Consulta1[[#This Row],[Pozo]],'Lista Oportunidades'!B:C,2,FALSE),"NO") -> Oportunidad | K4: =IFERROR(VLOOKUP(Consulta1[[#This Row],[Pozo largo]],Controles!B:H,7,FALSE),"NO") -> 1 | L4: =IFERROR(VLOOKUP(Consulta1[[#This Row],[Pozo largo]],Controles!B:J,9,FALSE),"NO") -> 0
B5: YPF.SC.CG-985 | C5: CG-985 | D5: Las Heras CG - Canadon Escondida | E5: Produciendo | F5: Bombeo Mecánico | G5: NO ABANDONAR | H5: Barranca Baya Cerro Grande Noroeste | I5: =IFERROR(VLOOKUP(Consulta1[[#This Row],[Pozo largo]],'Lista YPF'!$B$3:$C$358,2,FALSE),"NO") -> NO | J5: =IFERROR(VLOOKUP(Consulta1[[#This Row],[Pozo]],'Lista Oportunidades'!B:C,2,FALSE),"NO") -> NO | K5: =IFERROR(VLOOKUP(Consulta1[[#This Row],[Pozo largo]],Controles!B:H,7,FALSE),"NO") -> 4.962 | L5: =IFERROR(VLOOKUP(Consulta1[[#This Row],[Pozo largo]],Controles!B:J,9,FALSE),"NO") -> 0
B6: YPF.SC.CnE-1464 | C6: CnE-1464a | D6: Las Heras CG - Canadon Escondida | E6: Produciendo | F6: Bombeo Mecánico | G6: NO ABANDONAR | H6: Barranca Baya Bloque 30 | I6: =IFERROR(VLOOKUP(Consulta1[[#This Row],[Pozo largo]],'Lista YPF'!$B$3:$C$358,2,FALSE),"NO") -> NO | J6: =IFERROR(VLOOKUP(Consulta1[[#This Row],[Pozo]],'Lista Oportunidades'!B:C,2,FALSE),"NO") -> NO | K6: =IFERROR(VLOOKUP(Consulta1[[#This Row],[Pozo largo]],Controles!B:H,7,FALSE),"NO") -> 4.25 | L6: =IFERROR(VLOOKUP(Consulta1[[#This Row],[Pozo largo]],Controles!B:J,9,FALSE),"NO") -> 0
B7: YPF.SC.CnE-329 | C7: CnE-329 | D7: Las Heras CG - Canadon Escondida | E7: Produciendo | F7: Bombeo Mecánico | G7: NO ABANDONAR | H7: Barranca Baya Bloque 36 | I7: =IFERROR(VLOOKUP(Consulta1[[#This Row],[Pozo largo]],'Lista YPF'!$B$3:$C$358,2,FALSE),"NO") -> NO | J7: =IFERROR(VLOOKUP(Consulta1[[#This Row],[Pozo]],'Lista Oportunidades'!B:C,2,FALSE),"NO") -> NO | K7: =IFERROR(VLOOKUP(Consulta1[[#This Row],[Pozo largo]],Controles!B:H,7,FALSE),"NO") -> 0.837 | L7: =IFERROR(VLOOKUP(Consulta1[[#This Row],[Pozo largo]],Controles!B:J,9,FALSE),"NO") -> 0
B8: YPF.SC.CnE.a-371 | C8: CnE-371 | D8: Las Heras CG - Canadon Escondida | E8: Reserva Recuperación Secundaria | F8: Pistoneo | G8: ABA ULT AÑO | H8: Barranca Baya Bloque 36 | I8: =IFERROR(VLOOKUP(Consulta1[[#This Row],[Pozo largo]],'Lista YPF'!$B$3:$C$358,2,FALSE),"NO") -> NO | J8: =IFERROR(VLOOKUP(Consulta1[[#This Row],[Pozo]],'Lista Oportunidades'!B:C,2,FALSE),"NO") -> NO | K8: =IFERROR(VLOOKUP(Consulta1[[#This Row],[Pozo largo]],Controles!B:H,7,FALSE),"NO") -> 0.01 | L8: =IFERROR(VLOOKUP(Consulta1[[#This Row],[Pozo largo]],Controles!B:J,9,FALSE),"NO") -> Ultimo Año
B9: YPF.SC.CnE.a-373 | C9: CnE-373 | D9: Las Heras CG - Canadon Escondida | E9: Produciendo | F9: Inyección | G9: NO ABANDONAR | H9: Barranca Baya Bloque 36 | I9: =IFERROR(VLOOKUP(Consulta1[[#This Row],[Pozo largo]],'Lista YPF'!$B$3:$C$358,2,FALSE),"NO") -> NO | J9: =IFERROR(VLOOKUP(Consulta1[[#This Row],[Pozo]],'Lista Oportunidades'!B:C,2,FALSE),"NO") -> NO | K9: =IFERROR(VLOOKUP(Consulta1[[#This Row],[Pozo largo]],Controles!B:H,7,FALSE),"NO") -> 0 | L9: =IFERROR(VLOOKUP(Consulta1[[#This Row],[Pozo largo]],Controles!B:J,9,FALSE),"NO") -> 0
B10: YPF.SC.CnE.a-477 | C10: CnE-477 | D10: Las Heras CG - Canadon Escondida | E10: Abandono Permanente | F10: No Posee | G10: ABANDONADO | H10: Barranca Baya Bloque 37 | I10: =IFERROR(VLOOKUP(Consulta1[[#This Row],[Pozo largo]],'Lista YPF'!$B$3:$C$358,2,FALSE),"NO") -> NO | J10: =IFERROR(VLOOKUP(Consulta1[[#This Row],[Pozo]],'Lista Oportunidades'!B:C,2,FALSE),"NO") -> NO | K10: =IFERROR(VLOOKUP(Consulta1[[#This Row],[Pozo largo]],Controles!B:H,7,FALSE),"NO") -> NO | L10: =IFERROR(VLOOKUP(Consulta1[[#This Row],[Pozo largo]],Controles!B:J,9,FALSE),"NO") -> NO
B11: YPF.SC.CnE.a-496 | C11: CnE-496 | D11: Las Heras CG - Canadon Escondida | E11: Produciendo | F11: Inyección | G11: NO ABANDONAR | H11: Barranca Baya | I11: =IFERROR(VLOOKUP(Consulta1[[#This Row],[Pozo largo]],'Lista YPF'!$B$3:$C$358,2,FALSE),"NO") -> NO | J11: =IFERROR(VLOOKUP(Consulta1[[#This Row],[Pozo]],'Lista Oportunidades'!B:C,2,FALSE),"NO") -> NO | K11: =IFERROR(VLOOKUP(Consulta1[[#This Row],[Pozo largo]],Controles!B:H,7,FALSE),"NO") -> 0 | L11: =IFERROR(VLOOKUP(Consulta1[[#This Row],[Pozo largo]],Controles!B:J,9,FALSE),"NO") -> 0
B12: YPF.SC.CnE-506 | C12: CnE-506 | D12: Las Heras CG - Canadon Escondida | E12: Produciendo | F12: Inyección | G12: NO ABANDONAR | H12: Barranca Baya Bloque 36 | I12: =IFERROR(VLOOKUP(Consulta1[[#This Row],[Pozo largo]],'Lista YPF'!$B$3:$C$358,2,FALSE),"NO") -> NO | J12: =IFERROR(VLOOKUP(Consulta1[[#This Row],[Pozo]],'Lista Oportunidades'!B:C,2,FALSE),"NO") -> NO | K12: =IFERROR(VLOOKUP(Consulta1[[#This Row],[Pozo largo]],Controles!B:H,7,FALSE),"NO") -> 0 | L12: =IFERROR(VLOOKUP(Consulta1[[#This Row],[Pozo largo]],Controles!B:J,9,FALSE),"NO") -> 0
B13: YPF.SC.CnE-554 | C13: CnE-554 | D13: Las Heras CG - Canadon Escondida | E13: Produciendo | F13: Pistoneo | G13: NO ABANDONAR | H13: Barranca Baya | I13: =IFERROR(VLOOKUP(Consulta1[[#This Row],[Pozo largo]],'Lista YPF'!$B$3:$C$358,2,FALSE),"NO") -> NO | J13: =IFERROR(VLOOKUP(Consulta1[[#This Row],[Pozo]],'Lista Oportunidades'!B:C,2,FALSE),"NO") -> NO | K13: =IFERROR(VLOOKUP(Consulta1[[#This Row],[Pozo largo]],Controles!B:H,7,FALSE),"NO") -> 0.067 | L13: =IFERROR(VLOOKUP(Consulta1[[#This Row],[Pozo largo]],Controles!B:J,9,FALSE),"NO") -> 0
B14: YPF.SC.CnE.a-599 | C14: CnE-599 | D14: Las Heras CG - Canadon Escondida | E14: Produciendo | F14: Pistoneo | G14: NO ABANDONAR | H14: Barranca Baya Bloque 36 | I14: =IFERROR(VLOOKUP(Consulta1[[#This Row],[Pozo largo]],'Lista YPF'!$B$3:$C$358,2,FALSE),"NO") -> NO | J14: =IFERROR(VLOOKUP(Consulta1[[#This Row],[Pozo]],'Lista Oportunidades'!B:C,2,FALSE),"NO") -> NO | K14: =IFERROR(VLOOKUP(Consulta1[[#This Row],[Pozo largo]],Controles!B:H,7,FALSE),"NO") -> 0.029 | L14: =IFERROR(VLOOKUP(Consulta1[[#This Row],[Pozo largo]],Controles!B:J,9,FALSE),"NO") -> 0
... B34: YPF.SC.LH-95 | C34: LH-95 | D34: Las Heras CG - Canadon Escondida | E34: Produciendo | F34: Bombeo Mecánico | G34: NO ABANDONAR | H34: Las Heras Cerro Grande Sur | I34: =IFERROR(VLOOKUP(Consulta1[[#This Row],[Pozo largo]],'Lista YPF'!$B$3:$C$358,2,FALSE),"NO") -> NO | J34: =IFERROR(VLOOKUP(Consulta1[[#This Row],[Pozo]],'Lista Oportunidades'!B:C,2,FALSE),"NO") -> NO | K34: =IFERROR(VLOOKUP(Consulta1[[#This Row],[Pozo largo]],Controles!B:H,7,FALSE),"NO") -> 1.222 | L34: =IFERROR(VLOOKUP(Consulta1[[#This Row],[Pozo largo]],Controles!B:J,9,FALSE),"NO") -> 0
B35: CR-1[00] | C35: CR-1 | D35: Las Heras CG - Canadon Escondida | E35: Abandono Permanente | F35: No Posee | G35: ABANDONADO | I35: =IFERROR(VLOOKUP(Consulta1[[#This Row],[Pozo largo]],'Lista YPF'!$B$3:$C$358,2,FALSE),"NO") -> NO | J35: =IFERROR(VLOOKUP(Consulta1[[#This Row],[Pozo]],'Lista Oportunidades'!B:C,2,FALSE),"NO") -> NO | K35: =IFERROR(VLOOKUP(Consulta1[[#This Row],[Pozo largo]],Controles!B:H,7,FALSE),"NO") -> NO | L35: =IFERROR(VLOOKUP(Consulta1[[#This Row],[Pozo largo]],Controles!B:J,9,FALSE),"NO") -> NO
B36: YPF.SC.LH-204 | C36: LH-204 | D36: Las Heras CG - Canadon Escondida | E36: Abandono Permanente | F36: No Posee | G36: ABANDONADO | H36: Las Heras Bloque 2 | I36: =IFERROR(VLOOKUP(Consulta1[[#This Row],[Pozo largo]],'Lista YPF'!$B$3:$C$358,2,FALSE),"NO") -> NO | J36: =IFERROR(VLOOKUP(Consulta1[[#This Row],[Pozo]],'Lista Oportunidades'!B:C,2,FALSE),"NO") -> NO | K36: =IFERROR(VLOOKUP(Consulta1[[#This Row],[Pozo largo]],Controles!B:H,7,FALSE),"NO") -> NO | L36: =IFERROR(VLOOKUP(Consulta1[[#This Row],[Pozo largo]],Controles!B:J,9,FALSE),"NO") -> NO
B37: YPF.SC.LH-298 | C37: LH-298 | D37: Las Heras CG - Canadon Escondida | E37: Reserva Recuperación Secundaria | F37: No Posee | G37: ABANDONAR | H37: Las Heras Central Sur | I37: =IFERROR(VLOOKUP(Consulta1[[#This Row],[Pozo largo]],'Lista YPF'!$B$3:$C$358,2,FALSE),"NO") -> NO | J37: =IFERROR(VLOOKUP(Consulta1[[#This Row],[Pozo]],'Lista Oportunidades'!B:C,2,FALSE),"NO") -> NO | K37: =IFERROR(VLOOKUP(Consulta1[[#This Row],[Pozo largo]],Controles!B:H,7,FALSE),"NO") -> NO | L37: =IFERROR(VLOOKUP(Consulta1[[#This Row],[Pozo largo]],Controles!B:J,9,FALSE),"NO") -> NO
B38: YPF.SC.LH-471 | C38: LH-471 | D38: Las Heras CG - Canadon Escondida | E38: Abandono Permanente | F38: No Posee | G38: ABANDONADO | H38: Las Heras Central Sur | I38: =IFERROR(VLOOKUP(Consulta1[[#This Row],[Pozo largo]],'Lista YPF'!$B$3:$C$358,2,FALSE),"NO") -> NO | J38: =IFERROR(VLOOKUP(Consulta1[[#This Row],[Pozo]],'Lista Oportunidades'!B:C,2,FALSE),"NO") -> NO | K38: =IFERROR(VLOOKUP(Consulta1[[#This Row],[Pozo largo]],Controles!B:H,7,FALSE),"NO") -> NO | L38: =IFERROR(VLOOKUP(Consulta1[[#This Row],[Pozo largo]],Controles!B:J,9,FALSE),"NO") -> NO
B39: YPF.SC.LH-472 | C39: LH-472 | D39: Las Heras CG - Canadon Escondida | E39: Abandono Permanente | F39: No Posee | G39: ABANDONADO | H39: Las Heras Central Sur | I39: =IFERROR(VLOOKUP(Consulta1[[#This Row],[Pozo largo]],'Lista YPF'!$B$3:$C$358,2,FALSE),"NO") -> NO | J39: =IFERROR(VLOOKUP(Consulta1[[#This Row],[Pozo]],'Lista Oportunidades'!B:C,2,FALSE),"NO") -> NO | K39: =IFERROR(VLOOKUP(Consulta1[[#This Row],[Pozo largo]],Controles!B:H,7,FALSE),"NO") -> 0.183 | L39: =IFERROR(VLOOKUP(Consulta1[[#This Row],[Pozo largo]],Controles!B:J,9,FALSE),"NO") -> 0
B40: YPF.SC.CG-92 | C40: CG-92 | D40: Las Heras CG - Canadon Escondida | E40: En Estudio | F40: No Posee | G40: LISTA YPF | H40: Barranca Baya Bloque 26 | I40: =IFERROR(VLOOKUP(Consulta1[[#This Row],[Pozo largo]],'Lista YPF'!$B$3:$C$358,2,FALSE),"NO") -> En lista de Abandono | J40: =IFERROR(VLOOKUP(Consulta1[[#This Row],[Pozo]],'Lista Oportunidades'!B:C,2,FALSE),"NO") -> NO | K40: =IFERROR(VLOOKUP(Consulta1[[#This Row],[Pozo largo]],Controles!B:H,7,FALSE),"NO") -> 1.08 | L40: =IFERROR(VLOOKUP(Consulta1[[#This Row],[Pozo largo]],Controles!B:J,9,FALSE),"NO") -> 0
B41: YPF.SC.CnE-869 | C41: CnE-869 | D41: Las Heras CG - Canadon Escondida | E41: Espera Equipo Reparación | F41: Pistoneo | G41: ABA ULT 6 MESES | H41: Barranca Baya Bloque 36 | I41: =IFERROR(VLOOKUP(Consulta1[[#This Row],[Pozo largo]],'Lista YPF'!$B$3:$C$358,2,FALSE),"NO") -> NO | J41: =IFERROR(VLOOKUP(Consulta1[[#This Row],[Pozo]],'Lista Oportunidades'!B:C,2,FALSE),"NO") -> NO | K41: =IFERROR(VLOOKUP(Consulta1[[#This Row],[Pozo largo]],Controles!B:H,7,FALSE),"NO") -> 0.096 | L41: =IFERROR(VLOOKUP(Consulta1[[#This Row],[Pozo largo]],Controles!B:J,9,FALSE),"NO") -> Ultimos 6 meses
B42: YPF.SC.LC-630 | C42: LC-630a | D42: Las Heras CG - Canadon Escondida | E42: Abandono Permanente | F42: No Posee | G42: ABANDONADO | H42: Lomas del Cuy- Cerro Grande Noroeste | I42: =IFERROR(VLOOKUP(Consulta1[[#This Row],[Pozo largo]],'Lista YPF'!$B$3:$C$358,2,FALSE),"NO") -> NO | J42: =IFERROR(VLOOKUP(Consulta1[[#This Row],[Pozo]],'Lista Oportunidades'!B:C,2,FALSE),"NO") -> NO | K42: =IFERROR(VLOOKUP(Consulta1[[#This Row],[Pozo largo]],Controles!B:H,7,FALSE),"NO") -> 0.91 | L42: =IFERROR(VLOOKUP(Consulta1[[#This Row],[Pozo largo]],Controles!B:J,9,FALSE),"NO") -> 0
B43: YPF.SC.LH-972 | C43: LH-972a | D43: Las Heras CG - Canadon Escondida | E43: Produciendo | F43: Bombeo Mecánico | G43: NO ABANDONAR | H43: Las Heras Las Heras Bloque 3 | I43: =IFERROR(VLOOKUP(Consulta1[[#This Row],[Pozo largo]],'Lista YPF'!$B$3:$C$358,2,FALSE),"NO") -> NO | J43: =IFERROR(VLOOKUP(Consulta1[[#This Row],[Pozo]],'Lista Oportunidades'!B:C,2,FALSE),"NO") -> NO | K43: =IFERROR(VLOOKUP(Consulta1[[#This Row],[Pozo largo]],Controles!B:H,7,FALSE),"NO") -> 0.8 | L43: =IFERROR(VLOOKUP(Consulta1[[#This Row],[Pozo largo]],Controles!B:J,9,FALSE),"NO") -> 0
B44: YPF.SC.CnE-1112 | C44: CnE-1112 | D44: Las Heras CG - Canadon Escondida | E44: Espera Equipo Reparación | F44: Bombeo Mecánico | G44: ABA ULT 6 MESES | H44: Barranca Baya Bloque 30 | I44: =IFERROR(VLOOKUP(Consulta1[[#This Row],[Pozo largo]],'Lista YPF'!$B$3:$C$358,2,FALSE),"NO") -> NO | J44: =IFERROR(VLOOKUP(Consulta1[[#This Row],[Pozo]],'Lista Oportunidades'!B:C,2,FALSE),"NO") -> NO | K44: =IFERROR(VLOOKUP(Consulta1[[#This Row],[Pozo largo]],Controles!B:H,7,FALSE),"NO") -> 1.1 | L44: =IFERROR(VLOOKUP(Consulta1[[#This Row],[Pozo largo]],Controles!B:J,9,FALSE),"NO") -> Ultimos 6 meses
B45: YPF.SC.CnE-1111 | C45: CnE-1111 | D45: Las Heras CG - Canadon Escondida | E45: Produciendo | F45: Bombeo Mecánico | G45: NO ABANDONAR | H45: Barranca Baya Bloque 30 | I45: =IFERROR(VLOOKUP(Consulta1[[#This Row],[Pozo largo]],'Lista YPF'!$B$3:$C$358,2,FALSE),"NO") -> NO | J45: =IFERROR(VLOOKUP(Consulta1[[#This Row],[Pozo]],'Lista Oportunidades'!B:C,2,FALSE),"NO") -> NO | K45: =IFERROR(VLOOKUP(Consulta1[[#This Row],[Pozo largo]],Controles!B:H,7,FALSE),"NO") -> 0.72 | L45: =IFERROR(VLOOKUP(Consulta1[[#This Row],[Pozo largo]],Controles!B:J,9,FALSE),"NO") -> 0
B46: YPF.SC.CnE-1217 | C46: CnE-1217 | D46: Las Heras CG - Canadon Escondida | E46: Produciendo | F46: Inyección | G46: NO ABANDONAR | H46: Barranca Baya Bloque 30 | I46: =IFERROR(VLOOKUP(Consulta1[[#This Row],[Pozo largo]],'Lista YPF'!$B$3:$C$358,2,FALSE),"NO") -> NO | J46: =IFERROR(VLOOKUP(Consulta1[[#This Row],[Pozo]],'Lista Oportunidades'!B:C,2,FALSE),"NO") -> NO | K46: =IFERROR(VLOOKUP(Consulta1[[#This Row],[Pozo largo]],Controles!B:H,7,FALSE),"NO") -> 0 | L46: =IFERROR(VLOOKUP(Consulta1[[#This Row],[Pozo largo]],Controles!B:J,9,FALSE),"NO") -> 0
B47: YPF.SC.CnE-1176 | C47: CnE-1176 | D47: Las Heras CG - Canadon Escondida | E47: Reserva Recuperación Secundaria | F47: Bombeo Mecánico | G47: ABANDONAR | H47: Barranca Baya Bloque 37 | I47: =IFERROR(VLOOKUP(Consulta1[[#This Row],[Pozo largo]],'Lista YPF'!$B$3:$C$358,2,FALSE),"NO") -> NO | J47: =IFERROR(VLOOKUP(Consulta1[[#This Row],[Pozo]],'Lista Oportunidades'!B:C,2,FALSE),"NO") -> NO | K47: =IFERROR(VLOOKUP(Consulta1[[#This Row],[Pozo largo]],Controles!B:H,7,FALSE),"NO") -> 0.165 | L47: =IFERROR(VLOOKUP(Consulta1[[#This Row],[Pozo largo]],Controles!B:J,9,FALSE),"NO") -> 0
... B1416: YPF.SC.CnE-1421 | C1416: CnE-1421a | D1416: Las Heras CG - Canadon Escondida | E1416: Produciendo | F1416: Bombeo Mecánico | G1416: NO ABANDONAR | H1416: Barranca Baya Bloque 30 | I1416: =IFERROR(VLOOKUP(Consulta1[[#This Row],[Pozo largo]],'Lista YPF'!$B$3:$C$358,2,FALSE),"NO") -> NO | J1416: =IFERROR(VLOOKUP(Consulta1[[#This Row],[Pozo]],'Lista Oportunidades'!B:C,2,FALSE),"NO") -> NO | K1416: =IFERROR(VLOOKUP(Consulta1[[#This Row],[Pozo largo]],Controles!B:H,7,FALSE),"NO") -> 2.76 | L1416: =IFERROR(VLOOKUP(Consulta1[[#This Row],[Pozo largo]],Controles!B:J,9,FALSE),"NO") -> 0
B1417: YPF.SC.CG-983 | C1417: CG-983a | D1417: Las Heras CG - Canadon Escondida | E1417: Produciendo | F1417: Bombeo Mecánico | G1417: NO ABANDONAR | I1417: =IFERROR(VLOOKUP(Consulta1[[#This Row],[Pozo largo]],'Lista YPF'!$B$3:$C$358,2,FALSE),"NO") -> NO | J1417: =IFERROR(VLOOKUP(Consulta1[[#This Row],[Pozo]],'Lista Oportunidades'!B:C,2,FALSE),"NO") -> NO | K1417: =IFERROR(VLOOKUP(Consulta1[[#This Row],[Pozo largo]],Controles!B:H,7,FALSE),"NO") -> 4.64 | L1417: =IFERROR(VLOOKUP(Consulta1[[#This Row],[Pozo largo]],Controles!B:J,9,FALSE),"NO") -> 0
B1418: YPF.SC.CnE-1432 | C1418: CnE-1432 | D1418: Las Heras CG - Canadon Escondida | E1418: Espera Equipo Reparación | F1418: Bombeo Mecánico | G1418: ABA ULT AÑO | H1418: Barranca Baya Bloque 30 | I1418: =IFERROR(VLOOKUP(Consulta1[[#This Row],[Pozo largo]],'Lista YPF'!$B$3:$C$358,2,FALSE),"NO") -> NO | J1418: =IFERROR(VLOOKUP(Consulta1[[#This Row],[Pozo]],'Lista Oportunidades'!B:C,2,FALSE),"NO") -> NO | K1418: =IFERROR(VLOOKUP(Consulta1[[#This Row],[Pozo largo]],Controles!B:H,7,FALSE),"NO") -> 0.3 | L1418: =IFERROR(VLOOKUP(Consulta1[[#This Row],[Pozo largo]],Controles!B:J,9,FALSE),"NO") -> Ultimo Año
B1419: YPF.SC.CnE.a-1125 | C1419: CnE-1125 | D1419: Las Heras CG - Canadon Escondida | E1419: Produciendo | F1419: Bombeo Mecánico | G1419: NO ABANDONAR | H1419: Barranca Baya Bloque 36 | I1419: =IFERROR(VLOOKUP(Consulta1[[#This Row],[Pozo largo]],'Lista YPF'!$B$3:$C$358,2,FALSE),"NO") -> NO | J1419: =IFERROR(VLOOKUP(Consulta1[[#This Row],[Pozo]],'Lista Oportunidades'!B:C,2,FALSE),"NO") -> NO | K1419: =IFERROR(VLOOKUP(Consulta1[[#This Row],[Pozo largo]],Controles!B:H,7,FALSE),"NO") -> 0.72 | L1419: =IFERROR(VLOOKUP(Consulta1[[#This Row],[Pozo largo]],Controles!B:J,9,FALSE),"NO") -> 0
B1420: YPF.SC.LH-1234 | C1420: LH-1234 | D1420: Las Heras CG - Canadon Escondida | E1420: Produciendo | F1420: Bombeo Mecánico | G1420: NO ABANDONAR | H1420: Las Heras Central Sur | I1420: =IFERROR(VLOOKUP(Consulta1[[#This Row],[Pozo largo]],'Lista YPF'!$B$3:$C$358,2,FALSE),"NO") -> NO | J1420: =IFERROR(VLOOKUP(Consulta1[[#This Row],[Pozo]],'Lista Oportunidades'!B:C,2,FALSE),"NO") -> NO | K1420: =IFERROR(VLOOKUP(Consulta1[[#This Row],[Pozo largo]],Controles!B:H,7,FALSE),"NO") -> 0.171 | L1420: =IFERROR(VLOOKUP(Consulta1[[#This Row],[Pozo largo]],Controles!B:J,9,FALSE),"NO") -> 0
B1421: YPF.SC.CnE-1227(d) | C1421: CnE-1227(d)a | D1421: Las Heras CG - Canadon Escondida | E1421: En Estudio | F1421: Pistoneo | G1421: LISTA YPF | H1421: Barranca Baya Bloque 36 | I1421: =IFERROR(VLOOKUP(Consulta1[[#This Row],[Pozo largo]],'Lista YPF'!$B$3:$C$358,2,FALSE),"NO") -> En lista de Abandono | J1421: =IFERROR(VLOOKUP(Consulta1[[#This Row],[Pozo]],'Lista Oportunidades'!B:C,2,FALSE),"NO") -> NO | K1421: =IFERROR(VLOOKUP(Consulta1[[#This Row],[Pozo largo]],Controles!B:H,7,FALSE),"NO") -> 0.048 | L1421: =IFERROR(VLOOKUP(Consulta1[[#This Row],[Pozo largo]],Controles!B:J,9,FALSE),"NO") -> 0
B1422: YPF.SC.CnE-1240 | C1422: CnE-1240 | D1422: Las Heras CG - Canadon Escondida | E1422: Produciendo | F1422: Bombeo Mecánico | G1422: NO ABANDONAR | H1422: Barranca Baya Bloque 36 | I1422: =IFERROR(VLOOKUP(Consulta1[[#This Row],[Pozo largo]],'Lista YPF'!$B$3:$C$358,2,FALSE),"NO") -> NO | J1422: =IFERROR(VLOOKUP(Consulta1[[#This Row],[Pozo]],'Lista Oportunidades'!B:C,2,FALSE),"NO") -> NO | K1422: =IFERROR(VLOOKUP(Consulta1[[#This Row],[Pozo largo]],Controles!B:H,7,FALSE),"NO") -> 2.318 | L1422: =IFERROR(VLOOKUP(Consulta1[[#This Row],[Pozo largo]],Controles!B:J,9,FALSE),"NO") -> 0
B1423: YPF.SC.CnE-1237 | C1423: CnE-1237 | D1423: Las Heras CG - Canadon Escondida | E1423: Reserva Recuperación Secundaria | F1423: Pistoneo | G1423: ABANDONAR | H1423: Barranca Baya Bloque 40 | I1423: =IFERROR(VLOOKUP(Consulta1[[#This Row],[Pozo largo]],'Lista YPF'!$B$3:$C$358,2,FALSE),"NO") -> NO | J1423: =IFERROR(VLOOKUP(Consulta1[[#This Row],[Pozo]],'Lista Oportunidades'!B:C,2,FALSE),"NO") -> NO | K1423: =IFERROR(VLOOKUP(Consulta1[[#This Row],[Pozo largo]],Controles!B:H,7,FALSE),"NO") -> 0.192 | L1423: =IFERROR(VLOOKUP(Consulta1[[#This Row],[Pozo largo]],Controles!B:J,9,FALSE),"NO") -> 0
B1424: YPF.SC.LH-1247 | C1424: LH-1247 | D1424: Las Heras CG - Canadon Escondida | E1424: Produciendo | F1424: Bombeo Mecánico | G1424: NO ABANDONAR | H1424: Las Heras Central Sur | I1424: =IFERROR(VLOOKUP(Consulta1[[#This Row],[Pozo largo]],'Lista YPF'!$B$3:$C$358,2,FALSE),"NO") -> NO | J1424: =IFERROR(VLOOKUP(Consulta1[[#This Row],[Pozo]],'Lista Oportunidades'!B:C,2,FALSE),"NO") -> NO | K1424: =IFERROR(VLOOKUP(Consulta1[[#This Row],[Pozo largo]],Controles!B:H,7,FALSE),"NO") -> 1.176 | L1424: =IFERROR(VLOOKUP(Consulta1[[#This Row],[Pozo largo]],Controles!B:J,9,FALSE),"NO") -> 0
B1425: YPF.SC.CG-727 | C1425: CG-727 | D1425: Las Heras CG - Canadon Escondida | E1425: Produciendo | F1425: Bombeo Mecánico | G1425: NO ABANDONAR | H1425: Cerro Grande Central | I1425: =IFERROR(VLOOKUP(Consulta1[[#This Row],[Pozo largo]],'Lista YPF'!$B$3:$C$358,2,FALSE),"NO") -> NO | J1425: =IFERROR(VLOOKUP(Consulta1[[#This Row],[Pozo]],'Lista Oportunidades'!B:C,2,FALSE),"NO") -> NO | K1425: =IFERROR(VLOOKUP(Consulta1[[#This Row],[Pozo largo]],Controles!B:H,7,FALSE),"NO") -> 0.516 | L1425: =IFERROR(VLOOKUP(Consulta1[[#This Row],[Pozo largo]],Controles!B:J,9,FALSE),"NO") -> 0
B1426: YPF.SC.CG-765 | C1426: CG-765 | D1426: Las Heras CG - Canadon Escondida | E1426: Produciendo | F1426: Bombeo Mecánico | G1426: NO ABANDONAR | H1426: Cerro Grande Central | I1426: =IFERROR(VLOOKUP(Consulta1[[#This Row],[Pozo largo]],'Lista YPF'!$B$3:$C$358,2,FALSE),"NO") -> NO | J1426: =IFERROR(VLOOKUP(Consulta1[[#This Row],[Pozo]],'Lista Oportunidades'!B:C,2,FALSE),"NO") -> NO | K1426: =IFERROR(VLOOKUP(Consulta1[[#This Row],[Pozo largo]],Controles!B:H,7,FALSE),"NO") -> 0.672 | L1426: =IFERROR(VLOOKUP(Consulta1[[#This Row],[Pozo largo]],Controles!B:J,9,FALSE),"NO") -> 0
B1427: YPF.SC.CG-798 | C1427: CG-798 | D1427: Las Heras CG - Canadon Escondida | E1427: Produciendo | F1427: Bombeo Mecánico | G1427: NO ABANDONAR | H1427: Cerro Grande Central | I1427: =IFERROR(VLOOKUP(Consulta1[[#This Row],[Pozo largo]],'Lista YPF'!$B$3:$C$358,2,FALSE),"NO") -> NO | J1427: =IFERROR(VLOOKUP(Consulta1[[#This Row],[Pozo]],'Lista Oportunidades'!B:C,2,FALSE),"NO") -> NO | K1427: =IFERROR(VLOOKUP(Consulta1[[#This Row],[Pozo largo]],Controles!B:H,7,FALSE),"NO") -> 0.7 | L1427: =IFERROR(VLOOKUP(Consulta1[[#This Row],[Pozo largo]],Controles!B:J,9,FALSE),"NO") -> 0
B1428: YPF.SC.CnE.a-1282 | C1428: CnE.a-1282 | D1428: Las Heras CG - Canadon Escondida | E1428: Reserva Recuperación Secundaria | F1428: Bombeo Mecánico | G1428: ABANDONAR | H1428: Barranca Baya Bloque 36 | I1428: =IFERROR(VLOOKUP(Consulta1[[#This Row],[Pozo largo]],'Lista YPF'!$B$3:$C$358,2,FALSE),"NO") -> NO | J1428: =IFERROR(VLOOKUP(Consulta1[[#This Row],[Pozo]],'Lista Oportunidades'!B:C,2,FALSE),"NO") -> NO | K1428: =IFERROR(VLOOKUP(Consulta1[[#This Row],[Pozo largo]],Controles!B:H,7,FALSE),"NO") -> 0.2 | L1428: =IFERROR(VLOOKUP(Consulta1[[#This Row],[Pozo largo]],Controles!B:J,9,FALSE),"NO") -> 0
B1429: YPF.SC.CnE-1345 | C1429: CnE-1345 | D1429: Las Heras CG - Canadon Escondida | E1429: Espera Equipo Reparación | F1429: Bombeo Mecánico | G1429: ABA ULT 6 MESES | H1429: Barranca Baya Bloque 37 | I1429: =IFERROR(VLOOKUP(Consulta1[[#This Row],[Pozo largo]],'Lista YPF'!$B$3:$C$358,2,FALSE),"NO") -> NO | J1429: =IFERROR(VLOOKUP(Consulta1[[#This Row],[Pozo]],'Lista Oportunidades'!B:C,2,FALSE),"NO") -> NO | K1429: =IFERROR(VLOOKUP(Consulta1[[#This Row],[Pozo largo]],Controles!B:H,7,FALSE),"NO") -> 0.495 | L1429: =IFERROR(VLOOKUP(Consulta1[[#This Row],[Pozo largo]],Controles!B:J,9,FALSE),"NO") -> Ultimos 6 meses
... B2342: YPF.SC.CG-981 | C2342: CG-981a | D2342: Las Heras CG - Canadon Escondida | E2342: Produciendo | F2342: Bombeo Mecánico | G2342: NO ABANDONAR | H2342: Cerro Grande Noreste | I2342: =IFERROR(VLOOKUP(Consulta1[[#This Row],[Pozo largo]],'Lista YPF'!$B$3:$C$358,2,FALSE),"NO") -> NO | J2342: =IFERROR(VLOOKUP(Consulta1[[#This Row],[Pozo]],'Lista Oportunidades'!B:C,2,FALSE),"NO") -> NO | K2342: =IFERROR(VLOOKUP(Consulta1[[#This Row],[Pozo largo]],Controles!B:H,7,FALSE),"NO") -> 3 | L2342: =IFERROR(VLOOKUP(Consulta1[[#This Row],[Pozo largo]],Controles!B:J,9,FALSE),"NO") -> 0
B2343: YPF.SC.CnE-1463 | C2343: CnE-1463a | D2343: Las Heras CG - Canadon Escondida | E2343: Produciendo | F2343: Bombeo Mecánico | G2343: NO ABANDONAR | I2343: =IFERROR(VLOOKUP(Consulta1[[#This Row],[Pozo largo]],'Lista YPF'!$B$3:$C$358,2,FALSE),"NO") -> NO | J2343: =IFERROR(VLOOKUP(Consulta1[[#This Row],[Pozo]],'Lista Oportunidades'!B:C,2,FALSE),"NO") -> NO | K2343: =IFERROR(VLOOKUP(Consulta1[[#This Row],[Pozo largo]],Controles!B:H,7,FALSE),"NO") -> 0.75 | L2343: =IFERROR(VLOOKUP(Consulta1[[#This Row],[Pozo largo]],Controles!B:J,9,FALSE),"NO") -> 0
B2344: YPF.SC.CnE-1124 | C2344: CnE-1124 | D2344: Las Heras CG - Canadon Escondida | E2344: En Estudio | F2344: Bombeo Mecánico | G2344: LISTA YPF | H2344: Barranca Baya Bloque 36 | I2344: =IFERROR(VLOOKUP(Consulta1[[#This Row],[Pozo largo]],'Lista YPF'!$B$3:$C$358,2,FALSE),"NO") -> En lista de Abandono | J2344: =IFERROR(VLOOKUP(Consulta1[[#This Row],[Pozo]],'Lista Oportunidades'!B:C,2,FALSE),"NO") -> NO | K2344: =IFERROR(VLOOKUP(Consulta1[[#This Row],[Pozo largo]],Controles!B:H,7,FALSE),"NO") -> 0.4 | L2344: =IFERROR(VLOOKUP(Consulta1[[#This Row],[Pozo largo]],Controles!B:J,9,FALSE),"NO") -> 0
B2345: YPF.SC.CnE-1143 | C2345: CnE-1143 | D2345: Las Heras CG - Canadon Escondida | E2345: Produciendo | F2345: Bombeo Mecánico | G2345: NO ABANDONAR | H2345: Barranca Baya Bloque 36 | I2345: =IFERROR(VLOOKUP(Consulta1[[#This Row],[Pozo largo]],'Lista YPF'!$B$3:$C$358,2,FALSE),"NO") -> NO | J2345: =IFERROR(VLOOKUP(Consulta1[[#This Row],[Pozo]],'Lista Oportunidades'!B:C,2,FALSE),"NO") -> NO | K2345: =IFERROR(VLOOKUP(Consulta1[[#This Row],[Pozo largo]],Controles!B:H,7,FALSE),"NO") -> 1.495 | L2345: =IFERROR(VLOOKUP(Consulta1[[#This Row],[Pozo largo]],Controles!B:J,9,FALSE),"NO") -> 0
B2346: YPF.SC.LH-1227 | C2346: LH-1227 | D2346: Las Heras CG - Canadon Escondida | E2346: Produciendo | F2346: Bombeo Mecánico | G2346: NO ABANDONAR | H2346: Las Heras Cerro Grande Sur | I2346: =IFERROR(VLOOKUP(Consulta1[[#This Row],[Pozo largo]],'Lista YPF'!$B$3:$C$358,2,FALSE),"NO") -> NO | J2346: =IFERROR(VLOOKUP(Consulta1[[#This Row],[Pozo]],'Lista Oportunidades'!B:C,2,FALSE),"NO") -> NO | K2346: =IFERROR(VLOOKUP(Consulta1[[#This Row],[Pozo largo]],Controles!B:H,7,FALSE),"NO") -> 1.9 | L2346: =IFERROR(VLOOKUP(Consulta1[[#This Row],[Pozo largo]],Controles!B:J,9,FALSE),"NO") -> 0
B2347: YPF.SC.CnE-1252(d) | C2347: CnE-1252(d) | D2347: Las Heras CG - Canadon Escondida | E2347: Produciendo | F2347: Bombeo Mecánico | G2347: NO ABANDONAR | H2347: Barranca Baya Bloque 40 | I2347: =IFERROR(VLOOKUP(Consulta1[[#This Row],[Pozo largo]],'Lista YPF'!$B$3:$C$358,2,FALSE),"NO") -> NO | J2347: =IFERROR(VLOOKUP(Consulta1[[#This Row],[Pozo]],'Lista Oportunidades'!B:C,2,FALSE),"NO") -> NO | K2347: =IFERROR(VLOOKUP(Consulta1[[#This Row],[Pozo largo]],Controles!B:H,7,FALSE),"NO") -> 1.48 | L2347: =IFERROR(VLOOKUP(Consulta1[[#This Row],[Pozo largo]],Controles!B:J,9,FALSE),"NO") -> 0
B2348: YPF.SC.BB.xp-183 | C2348: BB.xp-183a | D2348: Las Heras CG - Canadon Escondida | E2348: Abandono Permanente | F2348: No Posee | G2348: ABANDONADO | H2348: Barranca Baya | I2348: =IFERROR(VLOOKUP(Consulta1[[#This Row],[Pozo largo]],'Lista YPF'!$B$3:$C$358,2,FALSE),"NO") -> NO | J2348: =IFERROR(VLOOKUP(Consulta1[[#This Row],[Pozo]],'Lista Oportunidades'!B:C,2,FALSE),"NO") -> NO | K2348: =IFERROR(VLOOKUP(Consulta1[[#This Row],[Pozo largo]],Controles!B:H,7,FALSE),"NO") -> NO | L2348: =IFERROR(VLOOKUP(Consulta1[[#This Row],[Pozo largo]],Controles!B:J,9,FALSE),"NO") -> NO
B2349: YPF.SC.LH-1310 | C2349: LH-1310 | D2349: Las Heras CG - Canadon Escondida | E2349: Produciendo | F2349: Bombeo Mecánico | G2349: NO ABANDONAR | H2349: Las Heras Bloque 2 | I2349: =IFERROR(VLOOKUP(Consulta1[[#This Row],[Pozo largo]],'Lista YPF'!$B$3:$C$358,2,FALSE),"NO") -> NO | J2349: =IFERROR(VLOOKUP(Consulta1[[#This Row],[Pozo]],'Lista Oportunidades'!B:C,2,FALSE),"NO") -> NO | K2349: =IFERROR(VLOOKUP(Consulta1[[#This Row],[Pozo largo]],Controles!B:H,7,FALSE),"NO") -> 1.71 | L2349: =IFERROR(VLOOKUP(Consulta1[[#This Row],[Pozo largo]],Controles!B:J,9,FALSE),"NO") -> 0
B2350: YPF.SC.BB.a-73 | C2350: BB-73 | D2350: Las Heras CG - Canadon Escondida | E2350: Abandono Permanente | F2350: No Posee | G2350: ABANDONADO | H2350: Barranca Baya | I2350: =IFERROR(VLOOKUP(Consulta1[[#This Row],[Pozo largo]],'Lista YPF'!$B$3:$C$358,2,FALSE),"NO") -> NO | J2350: =IFERROR(VLOOKUP(Consulta1[[#This Row],[Pozo]],'Lista Oportunidades'!B:C,2,FALSE),"NO") -> NO | K2350: =IFERROR(VLOOKUP(Consulta1[[#This Row],[Pozo largo]],Controles!B:H,7,FALSE),"NO") -> 0 | L2350: =IFERROR(VLOOKUP(Consulta1[[#This Row],[Pozo largo]],Controles!B:J,9,FALSE),"NO") -> 0
B2351: YPF.SC.LH.a-92 | C2351: LH-92 | D2351: Las Heras CG - Canadon Escondida | E2351: Reserva Recuperación Secundaria | F2351: No Posee | G2351: ABANDONAR | H2351: Las Heras Central Sur | I2351: =IFERROR(VLOOKUP(Consulta1[[#This Row],[Pozo largo]],'Lista YPF'!$B$3:$C$358,2,FALSE),"NO") -> NO | J2351: =IFERROR(VLOOKUP(Consulta1[[#This Row],[Pozo]],'Lista Oportunidades'!B:C,2,FALSE),"NO") -> NO | K2351: =IFERROR(VLOOKUP(Consulta1[[#This Row],[Pozo largo]],Controles!B:H,7,FALSE),"NO") -> NO | L2351: =IFERROR(VLOOKUP(Consulta1[[#This Row],[Pozo largo]],Controles!B:J,9,FALSE),"NO") -> NO
B2352: YPF.SC.LH-125 | C2352: LH-125 | D2352: Las Heras CG - Canadon Escondida | E2352: Abandono Permanente | F2352: No Posee | G2352: ABANDONADO | H2352: Las Heras Las Heras Bloque 3 | I2352: =IFERROR(VLOOKUP(Consulta1[[#This Row],[Pozo largo]],'Lista YPF'!$B$3:$C$358,2,FALSE),"NO") -> NO | J2352: =IFERROR(VLOOKUP(Consulta1[[#This Row],[Pozo]],'Lista Oportunidades'!B:C,2,FALSE),"NO") -> NO | K2352: =IFERROR(VLOOKUP(Consulta1[[#This Row],[Pozo largo]],Controles!B:H,7,FALSE),"NO") -> 0.108 | L2352: =IFERROR(VLOOKUP(Consulta1[[#This Row],[Pozo largo]],Controles!B:J,9,FALSE),"NO") -> 0
B2353: YPF.SC.LH-296 | C2353: LH-296 | D2353: Las Heras CG - Canadon Escondida | E2353: Abandono Permanente | F2353: No Posee | G2353: ABANDONADO | H2353: Las Heras Central Sur | I2353: =IFERROR(VLOOKUP(Consulta1[[#This Row],[Pozo largo]],'Lista YPF'!$B$3:$C$358,2,FALSE),"NO") -> NO | J2353: =IFERROR(VLOOKUP(Consulta1[[#This Row],[Pozo]],'Lista Oportunidades'!B:C,2,FALSE),"NO") -> NO | K2353: =IFERROR(VLOOKUP(Consulta1[[#This Row],[Pozo largo]],Controles!B:H,7,FALSE),"NO") -> NO | L2353: =IFERROR(VLOOKUP(Consulta1[[#This Row],[Pozo largo]],Controles!B:J,9,FALSE),"NO") -> NO
B2354: YPF.SC.CnE-878 | C2354: CnE-878a | D2354: Las Heras CG - Canadon Escondida | E2354: Abandono Permanente | F2354: No Posee | G2354: ABANDONADO | H2354: Barranca Baya Bloque 36 | I2354: =IFERROR(VLOOKUP(Consulta1[[#This Row],[Pozo largo]],'Lista YPF'!$B$3:$C$358,2,FALSE),"NO") -> NO | J2354: =IFERROR(VLOOKUP(Consulta1[[#This Row],[Pozo]],'Lista Oportunidades'!B:C,2,FALSE),"NO") -> NO | K2354: =IFERROR(VLOOKUP(Consulta1[[#This Row],[Pozo largo]],Controles!B:H,7,FALSE),"NO") -> 0.06 | L2354: =IFERROR(VLOOKUP(Consulta1[[#This Row],[Pozo largo]],Controles!B:J,9,FALSE),"NO") -> 0
B2355: YPF.SC.LH-981 | C2355: LH-981a | D2355: Las Heras CG - Canadon Escondida | E2355: Produciendo | F2355: Bombeo Mecánico | G2355: NO ABANDONAR | H2355: Las Heras Central Sur | I2355: =IFERROR(VLOOKUP(Consulta1[[#This Row],[Pozo largo]],'Lista YPF'!$B$3:$C$358,2,FALSE),"NO") -> NO | J2355: =IFERROR(VLOOKUP(Consulta1[[#This Row],[Pozo]],'Lista Oportunidades'!B:C,2,FALSE),"NO") -> NO | K2355: =IFERROR(VLOOKUP(Consulta1[[#This Row],[Pozo largo]],Controles!B:H,7,FALSE),"NO") -> 0.9 | L2355: =IFERROR(VLOOKUP(Consulta1[[#This Row],[Pozo largo]],Controles!B:J,9,FALSE),"NO") -> 0
... B2980: YPF.SC.LH-1041 | C2980: LH-1041a | D2980: Las Heras CG - Canadon Escondida | E2980: Produciendo | F2980: Bombeo Mecánico | G2980: NO ABANDONAR | H2980: Las Heras Central Sur | I2980: =IFERROR(VLOOKUP(Consulta1[[#This Row],[Pozo largo]],'Lista YPF'!$B$3:$C$358,2,FALSE),"NO") -> NO | J2980: =IFERROR(VLOOKUP(Consulta1[[#This Row],[Pozo]],'Lista Oportunidades'!B:C,2,FALSE),"NO") -> NO | K2980: =IFERROR(VLOOKUP(Consulta1[[#This Row],[Pozo largo]],Controles!B:H,7,FALSE),"NO") -> 0.36 | L2980: =IFERROR(VLOOKUP(Consulta1[[#This Row],[Pozo largo]],Controles!B:J,9,FALSE),"NO") -> 0
B2981: CnE-940[00]a | C2981: CnE-940a | D2981: Las Heras CG - Canadon Escondida | E2981: En Proyecto | F2981: No Posee | G2981: ABANDONAR | I2981: =IFERROR(VLOOKUP(Consulta1[[#This Row],[Pozo largo]],'Lista YPF'!$B$3:$C$358,2,FALSE),"NO") -> NO | J2981: =IFERROR(VLOOKUP(Consulta1[[#This Row],[Pozo]],'Lista Oportunidades'!B:C,2,FALSE),"NO") -> NO | K2981: =IFERROR(VLOOKUP(Consulta1[[#This Row],[Pozo largo]],Controles!B:H,7,FALSE),"NO") -> NO | L2981: =IFERROR(VLOOKUP(Consulta1[[#This Row],[Pozo largo]],Controles!B:J,9,FALSE),"NO") -> NO
B2982: LH-291[00] | C2982: LH-291 | D2982: Las Heras CG - Canadon Escondida | E2982: En Proyecto | F2982: No Posee | G2982: ABANDONAR | I2982: =IFERROR(VLOOKUP(Consulta1[[#This Row],[Pozo largo]],'Lista YPF'!$B$3:$C$358,2,FALSE),"NO") -> NO | J2982: =IFERROR(VLOOKUP(Consulta1[[#This Row],[Pozo]],'Lista Oportunidades'!B:C,2,FALSE),"NO") -> NO | K2982: =IFERROR(VLOOKUP(Consulta1[[#This Row],[Pozo largo]],Controles!B:H,7,FALSE),"NO") -> NO | L2982: =IFERROR(VLOOKUP(Consulta1[[#This Row],[Pozo largo]],Controles!B:J,9,FALSE),"NO") -> NO
B2983: CR-2[00] | C2983: CR-2 | D2983: Las Heras CG - Canadon Escondida | E2983: Abandono Permanente | F2983: No Posee | G2983: ABANDONADO | I2983: =IFERROR(VLOOKUP(Consulta1[[#This Row],[Pozo largo]],'Lista YPF'!$B$3:$C$358,2,FALSE),"NO") -> NO | J2983: =IFERROR(VLOOKUP(Consulta1[[#This Row],[Pozo]],'Lista Oportunidades'!B:C,2,FALSE),"NO") -> NO | K2983: =IFERROR(VLOOKUP(Consulta1[[#This Row],[Pozo largo]],Controles!B:H,7,FALSE),"NO") -> NO | L2983: =IFERROR(VLOOKUP(Consulta1[[#This Row],[Pozo largo]],Controles!B:J,9,FALSE),"NO") -> NO
B2984: LH-1114[00]a | C2984: LH-1114a | D2984: Las Heras CG - Canadon Escondida | E2984: En Proyecto | F2984: No Posee | G2984: ABANDONAR | I2984: =IFERROR(VLOOKUP(Consulta1[[#This Row],[Pozo largo]],'Lista YPF'!$B$3:$C$358,2,FALSE),"NO") -> NO | J2984: =IFERROR(VLOOKUP(Consulta1[[#This Row],[Pozo]],'Lista Oportunidades'!B:C,2,FALSE),"NO") -> NO | K2984: =IFERROR(VLOOKUP(Consulta1[[#This Row],[Pozo largo]],Controles!B:H,7,FALSE),"NO") -> NO | L2984: =IFERROR(VLOOKUP(Consulta1[[#This Row],[Pozo largo]],Controles!B:J,9,FALSE),"NO") -> NO
B2985: BO-3[00] | C2985: BO-3 | D2985: Las Heras CG - Canadon Escondida | E2985: Abandono Permanente | F2985: No Posee | G2985: ABANDONADO | I2985: =IFERROR(VLOOKUP(Consulta1[[#This Row],[Pozo largo]],'Lista YPF'!$B$3:$C$358,2,FALSE),"NO") -> NO | J2985: =IFERROR(VLOOKUP(Consulta1[[#This Row],[Pozo]],'Lista Oportunidades'!B:C,2,FALSE),"NO") -> NO | K2985: =IFERROR(VLOOKUP(Consulta1[[#This Row],[Pozo largo]],Controles!B:H,7,FALSE),"NO") -> NO | L2985: =IFERROR(VLOOKUP(Consulta1[[#This Row],[Pozo largo]],Controles!B:J,9,FALSE),"NO") -> NO
B2986: CG-595[00]a | C2986: CG-595a | D2986: Las Heras CG - Canadon Escondida | E2986: En Proyecto | F2986: No Posee | G2986: ABANDONAR | I2986: =IFERROR(VLOOKUP(Consulta1[[#This Row],[Pozo largo]],'Lista YPF'!$B$3:$C$358,2,FALSE),"NO") -> NO | J2986: =IFERROR(VLOOKUP(Consulta1[[#This Row],[Pozo]],'Lista Oportunidades'!B:C,2,FALSE),"NO") -> NO | K2986: =IFERROR(VLOOKUP(Consulta1[[#This Row],[Pozo largo]],Controles!B:H,7,FALSE),"NO") -> NO | L2986: =IFERROR(VLOOKUP(Consulta1[[#This Row],[Pozo largo]],Controles!B:J,9,FALSE),"NO") -> NO

Sheet Lista YPF
B3: YPF.SC.ECa.x-2 | C3: En lista de Abandono
B4: YPF.SC.CG.a-411 | C4: En lista de Abandono
B5: YPF.SC.CG-92 | C5: En lista de Abandono
B6: YPF.SC.CG.a-143 | C6: En lista de Abandono
B7: YPF.SC.ECa.x-3 | C7: En lista de Abandono
B8: YPF.SC.CG-443 | C8: En lista de Abandono
B9: YPF.SC.CG-468 | C9: En lista de Abandono
B10: YPF.SC.CG-482 | C10: En lista de Abandono
B11: YPF.SC.CG-109 | C11: En lista de Abandono
B12: YPF.SC.CG-520 | C12: En lista de Abandono
B13: YPF.SC.CG-459 | C13: En lista de Abandono
B14: YPF.SC.CG.a-23 | C14: En lista de Abandono
... B358: YPF.SC.CG-486 | C358: En lista de Abandono

Sheet Lista Oportunidades
B2: Pozo | C2: Motivo | D2: Estado
B3: CnE-1219 | C3: Oportunidad | D3: =VLOOKUP(B3,Lista!C:G,5,FALSE) -> NO ABANDONAR
B4: CES-4 | C4: Oportunidad | D4: =VLOOKUP(B4,Lista!C:G,5,FALSE) -> ABA O OPORTUNIDAD
B5: LH-694 | C5: Oportunidad | D5: =VLOOKUP(B5,Lista!C:G,5,FALSE) -> NO ABANDONAR
B6: CnE-1279 | C6: Oportunidad | D6: =VLOOKUP(B6,Lista!C:G,5,FALSE) -> NO ABANDONAR
B7: LH-1254 | C7: Oportunidad | D7: =VLOOKUP(B7,Lista!C:G,5,FALSE) -> NO ABANDONAR
B8: CnE.a-1427a | C8: Oportunidad | D8: =VLOOKUP(B8,Lista!C:G,5,FALSE) -> NO ABANDONAR
B9: CnE-652 | C9: Oportunidad | D9: =VLOOKUP(B9,Lista!C:G,5,FALSE) -> ABA O OPORTUNIDAD
B10: CnE-495 | C10: Oportunidad | D10: =VLOOKUP(B10,Lista!C:G,5,FALSE) -> NO ABANDONAR
B11: CG-941 | C11: Oportunidad | D11: =VLOOKUP(B11,Lista!C:G,5,FALSE) -> NO ABANDONAR
B12: ECE-1 | C12: Oportunidad | D12: =VLOOKUP(B12,Lista!C:G,5,FALSE) -> NO ABANDONAR
B13: CnE-806 | C13: Oportunidad | D13: =VLOOKUP(B13,Lista!C:G,5,FALSE) -> ABA O OPORTUNIDAD
B14: CnE-118 | C14: Oportunidad | D14: =VLOOKUP(B14,Lista!C:G,5,FALSE) -> SACAR DE LA LISTA YPF
... B67: CnE-769 | C67: Oportunidad | D67: =VLOOKUP(B67,Lista!C:G,5,FALSE) -> ABA O OPORTUNIDAD

Sheet Controles
A1: UWI_BORE | B1: COMP_NAME | C1: COMP_S_NAME | D1: DIASSINCONTROL | E1: FECHA | F1: QGAS | G1: QWAT | H1: QOIL | I1: RAZON_NOMBRE | J1: Ultimo año
A2: AR0100000798 | B2: YPF.SC.LH-47 | C2: LH-47[00] | D2: 2 | E2: 45973 | F2: 0 | G2: 0.175 | H2: 0.525 | I2: Sale Del Total | J2: Ultimos 6 meses
A3: AR0300007142 | B3: YPF.SC.CnE-1373 | C3: CnE-1373[00] | D3: 144 | E3: 45831 | F3: 0 | G3: 1.5 | H3: 1 | I3: Control A Batería
A4: AR0300034419 | B4: YPF.SC.CG-985 | C4: CG-985 | D4: 50 | E4: 45925 | F4: 526.63 | G4: 65.928 | H4: 4.962 | I4: Control Con Rolo
A5: AR0300035561 | B5: YPF.SC.CnE-1464 | C5: CnE-1464[00]a | D5: 12 | E5: 45963 | F5: 0 | G5: 20.75 | H5: 4.25 | I5: Muestra De Laboratorio
A6: 406020303290 | B6: YPF.SC.CnE-329 | C6: CnE-329[00] | D6: 133 | E6: 45842 | F6: 0 | G6: 29.063 | H6: 0.837 | I6: Control A Batería
A7: 406020301760 | B7: YPF.SC.CnE-176 | C7: CnE-176[00] | D7: 16 | E7: 45959 | F7: 0 | G7: 47.025 | H7: 0.475 | I7: Sale Del Total | J7: Ultimos 6 meses
A8: 406020303730 | B8: YPF.SC.CnE.a-373 | C8: CnE-373[00] | D8: 955 | E8: 45020 | F8: 0 | G8: 0 | H8: 0 | I8: Inyección
A9: 406020304960 | B9: YPF.SC.CnE.a-496 | C9: CnE-496[00] | D9: 726 | E9: 45249 | F9: 0 | G9: 0 | H9: 0 | I9: Inyección
A10: 406020305060 | B10: YPF.SC.CnE-506 | C10: CnE-506[00] | D10: 955 | E10: 45020 | F10: 0 | G10: 0 | H10: 0 | I10: Inyección
A11: 406020305540 | B11: YPF.SC.CnE-554 | C11: CnE-554[00] | D11: 270 | E11: 45705 | F11: 0 | G11: 0.003 | H11: 0.067 | I11: Pistoneo En Casing
A12: 406020305990 | B12: YPF.SC.CnE.a-599 | C12: CnE-599[00] | D12: 23 | E12: 45952 | F12: 0 | G12: 0.001 | H12: 0.029 | I12: Pistoneo En Casing
A13: AR0100010262 | B13: YPF.SC.CnE-1272 | C13: CnE-1272[00] | D13: 16 | E13: 45959 | F13: 0 | G13: 29.1 | H13: 0.9 | I13: Sale Del Total | J13: Ultimos 6 meses
A14: AR0100010274 | B14: YPF.SC.CnE-1284 | C14: CnE-1284[00] | D14: 21 | E14: 45954 | F14: 0 | G14: 10.34 | H14: 0.66 | I14: Sale Del Total | J14: Ultimos 6 meses
A15: 406020307120 | B15: YPF.SC.CnE-712 | C15: CnE-712[00] | D15: 955 | E15: 45020 | F15: 0 | G15: 0 | H15: 0 | I15: Inyección
A16: 406011803420 | B16: YPF.SC.CG-342 | C16: CG-342[00] | D16: 23 | E16: 45952 | F16: 0 | G16: 0.003 | H16: 0.004 | I16: Sale Del Total | J16: Ultimos 6 meses
A17: 406020800450 | B17: YPF.SC.BB-45 | C17: BB-45[00] | D17: 56 | E17: 45919 | F17: 0 | G17: 27.84 | H17: 4.16 | I17: Control A Batería
A18: AR0100004673 | B18: YPF.SC.CnE-894 | C18: CnE-894[00]a | D18: 23 | E18: 45952 | F18: 0 | G18: 2.808 | H18: 0.792 | I18: Sale Del Total | J18: Ultimos 6 meses
A19: AR0100008048 | B19: YPF.SC.CnE-1043 | C19: CnE-1043[00] | D19: 23 | E19: 45952 | F19: 0 | G19: 3.9 | H19: 0.1 | I19: Sale Del Total | J19: Ultimos 6 meses
A20: 406020800760 | B20: YPF.SC.BB.a-76 | C20: BB-76[00] | D20: 25 | E20: 45950 | F20: 0 | G20: 8.6 | H20: 1.4 | I20: Control A Batería
A21: 406020800840 | B21: YPF.SC.BB-84 | C21: BB-84[00] | D21: 955 | E21: 45020 | F21: 0 | G21: 0 | H21: 0 | I21: Inyección
A22: 406020302150 | B22: YPF.SC.CnE-215 | C22: CnE-215[00] | D22: 23 | E22: 45952 | F22: 0 | G22: 47.53 | H22: 1.47 | I22: Sale Del Total | J22: Ultimos 6 meses
A23: AR0100009735 | B23: YPF.SC.CnE-1199(d) | C23: CnE-1199[00](d) | D23: 23 | E23: 45952 | F23: 0 | G23: 0.018 | H23: 0.882 | I23: Sale Del Total | J23: Ultimos 6 meses
A24: AR0100000615 | B24: YPF.SC.BB-24 | C24: BB-24[00] | D24: 78 | E24: 45897 | F24: 0 | G24: 0.1 | H24: 0 | I24: Pistoneo En Casing
A25: AR0100001203 | B25: YPF.SC.CnE-869 | C25: CnE-869[00] | D25: 24 | E25: 45951 | F25: 0 | G25: 0.004 | H25: 0.096 | I25: Sale Del Total | J25: Ultimos 6 meses
A26: AR0100008163 | B26: YPF.SC.CnE-1049 | C26: CnE-1049[00] | D26: 24 | E26: 45951 | F26: 0 | G26: 0.004 | H26: 0.096 | I26: Sale Del Total | J26: Ultimos 6 meses
A27: AR0100000888 | B27: YPF.SC.LH-58 | C27: LH-58[00] | D27: 108 | E27: 45867 | F27: 180 | G27: 2.668 | H27: 1.932 | I27: Merma
A28: AR0100000899 | B28: YPF.SC.LH-95 | C28: LH-95[00] | D28: 25 | E28: 45950 | F28: 100 | G28: 0.078 | H28: 1.222 | I28: Control A Batería
A29: AR0100010187 | B29: YPF.SC.BB-132 | C29: BB-132[00] | D29: 25 | E29: 45950 | F29: 0 | G29: 33.44 | H29: 4.56 | I29: Sale Del Total | J29: Ultimos 6 meses
A30: AR0300026356 | B30: YPF.SC.BB-177 | C30: BB-177[00] | D30: 25 | E30: 45950 | F30: 0 | G30: 3.11 | H30: 1.21 | I30: Sale Del Total | J30: Ultimos 6 meses
A31: AR0300006016 | B31: YPF.SC.CnE-1345 | C31: CnE-1345[00] | D31: 28 | E31: 45947 | F31: 0 | G31: 0.405 | H31: 0.495 | I31: Sale Del Total | J31: Ultimos 6 meses
A32: AR0100001101 | B32: YPF.SC.CG-51 | C32: CG-51[00] | D32: 30 | E32: 45945 | F32: 160 | G32: 5.46 | H32: 2.34 | I32: Sale Del Total | J32: Ultimos 6 meses
A33: AR0100002621 | B33: YPF.SC.LH-972 | C33: LH-972[00]a | D33: 46 | E33: 45929 | F33: 0 | G33: 39.2 | H33: 0.8 | I33: Control A Batería
A34: 406020307690 | B34: YPF.SC.CnE-769 | C34: CnE-769[00] | D34: 30 | E34: 45945 | F34: 0 | G34: 33.25 | H34: 1.75 | I34: Sale Del Total | J34: Ultimos 6 meses
A35: AR0100009500 | B35: YPF.SC.CnE-1111 | C35: CnE-1111[00] | D35: 62 | E35: 45913 | F35: 0 | G35: 8.28 | H35: 0.72 | I35: Tanque Quieto / Cisterna
A36: AR0100009638 | B36: YPF.SC.CnE-1217 | C36: CnE-1217[00] | D36: 955 | E36: 45020 | F36: 0 | G36: 0 | H36: 0 | I36: Inyección
A37: AR0100005326 | B37: YPF.SC.CG-550 | C37: CG-550[00]a | D37: 30 | E37: 45945 | F37: 100 | G37: 0.32 | H37: 1.28 | I37: Sale Del Total | J37: Ultimos 6 meses
A38: AR0100004816 | B38: YPF.SC.LH-1054 | C38: LH-1054[00]a | D38: 32 | E38: 45943 | F38: 0 | G38: 24.75 | H38: 0.25 | I38: Control A Batería
A39: AR0100004317 | B39: YPF.SC.CnE-892 | C39: CnE-892[00]a | D39: 26 | E39: 45949 | F39: 0 | G39: 9.1 | H39: 0.9 | I39: Control A Batería
A40: AR0100005504 | B40: YPF.SC.LH-1088 | C40: LH-1088[00]a | D40: 368 | E40: 45607 | F40: 0 | G40: 0.007 | H40: 0.123 | I40: Pistoneo En Casing
A41: 406011302510 | B41: YPF.SC.LH-251 | C41: LH-251[00] | D41: 955 | E41: 45020 | F41: 0 | G41: 0 | H41: 0 | I41: Inyección
A42: AR0100008725 | B42: YPF.SC.CnE-1095 | C42: CnE-1095[00] | D42: 30 | E42: 45945 | F42: 0 | G42: 27.225 | H42: 0.275 | I42: Sale Del Total | J42: Ultimos 6 meses
A43: 406020304740 | B43: YPF.SC.CnE-474 | C43: CnE-474[00] | D43: 30 | E43: 45945 | F43: 0 | G43: 30.24 | H43: 1.76 | I43: Sale Del Total | J43: Ultimos 6 meses
A44: 406011307120 | B44: YPF.SC.LH-712 | C44: LH-712[00] | D44: 46 | E44: 45929 | F44: 50 | G44: 0.12 | H44: 1.08 | I44: Control A Batería
A45: 406020303110 | B45: YPF.SC.CnE-311 | C45: CnE-311[00] | D45: 30 | E45: 45945 | F45: 0 | G45: 93.12 | H45: 3.88 | I45: Sale Del Total | J45: Ultimos 6 meses
A46: 406011307930 | B46: YPF.SC.LH-793 | C46: LH-793[00] | D46: 87 | E46: 45888 | F46: 10 | G46: 35.819 | H46: 0.731 | I46: Control A Batería
A47: 406011308210 | B47: YPF.SC.LH-821 | C47: LH-821[00] | D47: 5646 | E47: 40329 | F47: 0 | G47: 0.018 | H47: 0.482 | I47: Pistoneo En Casing
A48: 406011309180 | B48: YPF.SC.LH-918 | C48: LH-918[00] | D48: 25 | E48: 45950 | F48: 100 | G48: 0.425 | H48: 1.275 | I48: Control A Batería
A49: 406011800270 | B49: YPF.SC.CG-27 | C49: CG-27[00] | D49: 955 | E49: 45020 | F49: 0 | G49: 0 | H49: 0 | I49: Inyección
A50: 406020305530 | B50: YPF.SC.CnE-553 | C50: CnE-553[00] | D50: 30 | E50: 45945 | F50: 0 | G50: 41.4 | H50: 4.6 | I50: Sale Del Total | J50: Ultimos 6 meses
A51: 406011803870 | B51: YPF.SC.CG-387 | C51: CG-387[00] | D51: 217 | E51: 45758 | F51: 0 | G51: 10.875 | H51: 1.625 | I51: Control A Batería
A52: 406011804600 | B52: YPF.SC.CG-460 | C52: CG-460[00] | D52: 56 | E52: 45919 | F52: 0 | G52: 18 | H52: 2 | I52: Combinada (Nivel y Dina)
A53: 406011804740 | B53: YPF.SC.CG.a-474 | C53: CG-474[00] | D53: 185 | E53: 45790 | F53: 0 | G53: 1.596 | H53: 0.304 | I53: Control A Batería
A54: AR0100009652 | B54: YPF.SC.CnE-1157 | C54: CnE-1157[00] | D54: 30 | E54: 45945 | F54: 0 | G54: 0.7 | H54: 0.3 | I54: Sale Del Total | J54: Ultimos 6 meses
A55: 406020302920 | B55: YPF.SC.CnE.a-292 | C55: CnE-292[00] | D55: 1078 | E55: 44897 | F55: 0 | G55: 1.4 | H55: 0.6 | I55: Muestra De Laboratorio
A56: AR0100010016 | B56: YPF.SC.LH-1228 | C56: LH-1228[00] | D56: 31 | E56: 45944 | F56: 100 | G56: 0.6 | H56: 1.4 | I56: Sale Del Total | J56: Ultimos 6 meses
A57: 406011305370 | B57: YPF.SC.LH.a-537 | C57: LH-537[00] | D57: 8932 | E57: 37043 | F57: 0 | G57: 0.042 | H57: 0.798 | I57: Control A Batería
A58: 406011306100 | B58: YPF.SC.LH-610 | C58: LH-610[00] | D58: 52 | E58: 45923 | F58: 0 | G58: 17.014 | H58: 1.086 | I58: Muestra De Laboratorio
A59: 406011307720 | B59: YPF.SC.LH-772 | C59: LH-772[00] | D59: 37 | E59: 45938 | F59: 50 | G59: 0.969 | H59: 0.731 | I59: Combinada (Nivel y Dina)
A60: 406011308500 | B60: YPF.SC.LH.xp-850 | C60: LH-850[00] | D60: 955 | E60: 45020 | F60: 0 | G60: 0 | H60: 0 | I60: Inyección
A61: 406011308860 | B61: YPF.SC.LH-886 | C61: LH-886[00] | D61: 2467 | E61: 43508 | F61: 0 | G61: 0 | H61: 0 | I61: Inyección
A62: 406011309090 | B62: YPF.SC.LH-909 | C62: LH-909[00] | D62: 381 | E62: 45594 | F62: 0 | G62: 0.006 | H62: 0.105 | I62: Pistoneo En Casing
A63: 406011309120 | B63: YPF.SC.LH-912 | C63: LH-912[00] | D63: 5645 | E63: 40330 | F63: 0 | G63: 0.068 | H63: 0.162 | I63: Ingresa Al Total
A64: 406011309260 | B64: YPF.SC.LH-926 | C64: LH-926[00] | D64: 563 | E64: 45412 | F64: 0 | G64: 0.004 | H64: 0.106 | I64: Pistoneo En Casing
A65: 406011800950 | B65: YPF.SC.CG-95 | C65: CG-95[00] | D65: 59 | E65: 45916 | F65: 0 | G65: 3.25 | H65: 1.75 | I65: Combinada (Nivel y Dina)
A66: 406011801130 | B66: YPF.SC.CG-113 | C66: CG-113[00] | D66: 107 | E66: 45868 | F66: 0 | G66: 4 | H66: 1 | I66: Control A Batería
A67: AR0100008813 | B67: YPF.SC.CG-764 | C67: CG-764[00] | D67: 31 | E67: 45944 | F67: 100 | G67: 32.34 | H67: 0.66 | I67: Sale Del Total | J67: Ultimos 6 meses
A68: 406011802440 | B68: YPF.SC.CG-244 | C68: CG-244[00] | D68: 955 | E68: 45020 | F68: 0 | G68: 0 | H68: 0 | I68: Inyección
A69: 406011803270 | B69: YPF.SC.CG-327 | C69: CG-327[00] | D69: 163 | E69: 45812 | F69: 0 | G69: 2 | H69: 0.5 | I69: Combinada (Nivel y Dina)
A70: AR0100000791 | B70: YPF.SC.LH.a-36 | C70: LH-36[00] | D70: 31 | E70: 45944 | F70: 100 | G70: 8.9 | H70: 1.1 | I70: Sale Del Total | J70: Ultimos 6 meses
A71: 406011803760 | B71: YPF.SC.CG-376 | C71: CG-376[00] | D71: 150 | E71: 45825 | F71: 0 | G71: 16.83 | H71: 0.17 | I71: Control A Batería
A72: 406011804510 | B72: YPF.SC.CG-451 | C72: CG-451[00] | D72: 56 | E72: 45919 | F72: 0 | G72: 30.03 | H72: 2.97 | I72: Combinada (Nivel y Dina)
A73: 406020303240 | B73: YPF.SC.CnE-324 | C73: CnE-324[00] | D73: 31 | E73: 45944 | F73: 0 | G73: 65.28 | H73: 2.72 | I73: Sale Del Total | J73: Ultimos 6 meses
A74: AR0300005921 | B74: YPF.SC.CG-914(d) | C74: CG-914[00](d) | D74: 32 | E74: 45943 | F74: 0 | G74: 9.46 | H74: 1.54 | I74: Sale Del Total | J74: Ultimos 6 meses
A75: AR0100009399 | B75: YPF.SC.CnE-1112 | C75: CnE-1112[00] | D75: 59 | E75: 45916 | F75: 0 | G75: 20.9 | H75: 1.1 | I75: Sale Del Total | J75: Ultimos 6 meses
A76: 406020301480 | B76: YPF.SC.CnE-148 | C76: CnE-148[00] | D76: 100 | E76: 45875 | F76: 0 | G76: 13.58 | H76: 0.42 | I76: Control A Batería
A77: 406020301600 | B77: YPF.SC.CnE-160 | C77: CnE-160[00] | D77: 144 | E77: 45831 | F77: 0 | G77: 3.375 | H77: 1.125 | I77: Control A Batería
A78: 406020302390 | B78: YPF.SC.CnE-239 | C78: CnE-239[00] | D78: 30 | E78: 45945 | F78: 0 | G78: 18.8 | H78: 1.2 | I78: Control A Batería
A79: AR0100009398 | B79: YPF.SC.CG-768 | C79: CG-768[00] | D79: 67 | E79: 45908 | F79: 20 | G79: 38.22 | H79: 0.78 | I79: Sale Del Total | J79: Ultimos 6 meses
A80: 406011300830 | B80: YPF.SC.LH-83 | C80: LH-83[00] | D80: 49 | E80: 45926 | F80: 0 | G80: 0.87 | H80: 2.03 | I80: Control A Batería
A81: AR0100010034 | B81: YPF.SC.CG-806 | C81: CG-806[00] | D81: 67 | E81: 45908 | F81: 20 | G81: 19 | H81: 1 | I81: Sale Del Total | J81: Ultimos 6 meses
A82: 406011306760 | B82: YPF.SC.LH-676 | C82: LH-676[00] | D82: 207 | E82: 45768 | F82: 0 | G82: 0.327 | H82: 0.883 | I82: Control A Batería
A83: AR0100009750 | B83: YPF.SC.CnE-1206 | C83: CnE-1206[00] | D83: 93 | E83: 45882 | F83: 0 | G83: 12.35 | H83: 0.65 | I83: Sale Del Total | J83: Ultimos 6 meses
A84: 406011801050 | B84: YPF.SC.CG-105 | C84: CG-105[00] | D84: 955 | E84: 45020 | F84: 0 | G84: 0 | H84: 0 | I84: Inyección
A85: AR0100009277 | B85: YPF.SC.LH-1211 | C85: LH-1211[00] | D85: 100 | E85: 45875 | F85: 0 | G85: 24.696 | H85: 0.504 | I85: Sale Del Total | J85: Ultimos 6 meses
A86: AR0300006038 | B86: YPF.SC.CG-938 | C86: CG-938[00] | D86: 105 | E86: 45870 | F86: 300 | G86: 0.234 | H86: 1.326 | I86: Sale Del Total | J86: Ultimos 6 meses
A87: 406020300970 | B87: YPF.SC.CnE-97 | C87: CnE-97[00] | D87: 30 | E87: 45945 | F87: 0 | G87: 10.32 | H87: 1.68 | I87: Control A Batería
A88: 406011803710 | B88: YPF.SC.CG-371 | C88: CG-371[00] | D88: 105 | E88: 45870 | F88: 50 | G88: 3.456 | H88: 0.144 | I88: Sale Del Total | J88: Ultimos 6 meses
A89: AR0100009466 | B89: YPF.SC.CnE-1119 | C89: CnE-1119[00] | D89: 133 | E89: 45842 | F89: 0 | G89: 2.55 | H89: 0.45 | I89: Sale Del Total | J89: Ultimos 6 meses
A90: AR0300034631 | B90: YPF.SC.CnE.a-1438 | C90: CnE.a-1438[00]a | D90: 143 | E90: 45832 | F90: 0 | G90: 8.722 | H90: 1.078 | I90: Sale Del Total | J90: Ultimos 6 meses
A91: 406020305430 | B91: YPF.SC.CnE-543 | C91: CnE-543[00] | D91: 23 | E91: 45952 | F91: 0 | G91: 0.006 | H91: 0.144 | I91: Pistoneo En Casing
A92: AR0300006018 | B92: YPF.SC.CnE-1348 | C92: CnE-1348[00] | D92: 150 | E92: 45825 | F92: 0 | G92: 1.1 | H92: 1.1 | I92: Sale Del Total | J92: Ultimos 6 meses
A93: 406020307230 | B93: YPF.SC.CnE-723 | C93: CnE-723[00] | D93: 23 | E93: 45952 | F93: 0 | G93: 218.46 | H93: 1.54 | I93: Control Con Rolo
A94: AR0100008795 | B94: YPF.SC.CG-751(d) | C94: CG-751[00](d) | D94: 151 | E94: 45824 | F94: 0 | G94: 0.36 | H94: 1.14 | I94: Sale Del Total | J94: Ultimos 6 meses
A95: AR0100006840 | B95: YPF.SC.LH-1130 | C95: LH-1130[00] | D95: 156 | E95: 45819 | F95: 100 | G95: 10.78 | H95: 0.22 | I95: Sale Del Total | J95: Ultimos 6 meses
A96: 406020800520 | B96: YPF.SC.BB-52 | C96: BB-52[00] | D96: 56 | E96: 45919 | F96: 0 | G96: 15.886 | H96: 1.014 | I96: Control A Batería
A97: 406020800560 | B97: YPF.SC.BB-56 | C97: BB-56[00] | D97: 726 | E97: 45249 | F97: 0 | G97: 0 | H97: 0 | I97: Inyección
A98: AR0100010296 | B98: YPF.SC.CnE-1286 | C98: CnE-1286[00]a | D98: 164 | E98: 45811 | F98: 0 | G98: 0.999 | H98: 0.501 | I98: Sale Del Total | J98: Ultimos 6 meses
A99: AR0100000614 | B99: YPF.SC.BB-23 | C99: BB-23[00] | D99: 955 | E99: 45020 | F99: 0 | G99: 0 | H99: 0 | I99: Inyección
A100: AR0100000964 | B100: YPF.SC.LH-242 | C100: LH-242[00] | D100: 955 | E100: 45020 | F100: 0 | G100: 0 | H100: 0 | I100: Inyección
...
